https://www.utexas.edu/directory/index.php?q=currin&scope=all&i=39,"staff, Office of the Dean of Students"
https://www.utexas.edu/directory/index.php?q=currin&scope=all&i=4,"faculty/staff, College of Pharmacy"
https://www.utexas.edu/directory/index.php?q=currin&scope=all&i=16,"student, Graduate School; staff, Center for Aeromechanics Research, Cockrell School of Engineering"
https://www.utexas.edu/directory/index.php?q=currin&scope=all&i=26,"student, College of Natural Sciences"
https://www.utexas.edu/directory/index.php?q=currin&scope=all&i=31,"student, College of Natural Sciences"
https://www.utexas.edu/directory/index.php?q=currin&scope=all&i=29,"staff, School of Information"
https://www.utexas.edu/directory/index.php?q=currin&scope=all&i=23,"student, Graduate School; staff, Institute for Geophysics, Jackson School of Geosciences"
https://www.utexas.edu/directory/index.php?q=currin&scope=all&i=35,"student, College of Natural Sciences"
https://www.utexas.edu/directory/index.php?q=currin&scope=all&i=42,"staff, Education Research Center"
https://www.utexas.edu/directory/index.php?q=currin&scope=all&i=27,"staff, University Police Department"
https://www.utexas.edu/directory/index.php?q=currin&scope=all&i=25,"student, College of Natural Sciences; staff, Intercollegiate Athletics"
https://www.utexas.edu/directory/index.php?q=currin&scope=all&i=5,"student, College of Natural Sciences"
https://www.utexas.edu/directory/index.php?q=currin&scope=all&i=34,"staff, Facilities Services"
https://www.utexas.edu/directory/index.php?q=currin&scope=all&i=7,"staff, Red McCombs School of Business"
https://www.utexas.edu/directory/index.php?q=currin&scope=all&i=12,"staff, Cockrell School of Engineering"
https://www.utexas.edu/directory/index.php?q=currin&scope=all&i=43,"staff, Acct &amp; Financial Mgmt"
https://www.utexas.edu/directory/index.php?q=currin&scope=all&i=6,"staff, University Charter School"
https://www.utexas.edu/directory/index.php?q=currin&scope=all&i=45,"staff, Academic Technology Support"
https://www.utexas.edu/directory/index.php?q=currin&scope=all&i=44,"student, School of Architecture"
https://www.utexas.edu/directory/index.php?q=currin&scope=all&i=3,"staff, Division of Recreational Sports"
https://www.utexas.edu/directory/index.php?q=currin&scope=all&i=40,"student, School of Engineering"
https://www.utexas.edu/directory/index.php?q=currin&scope=all&i=9,"staff, Center for Social Work Research, School of Social Work"
https://www.utexas.edu/directory/index.php?q=currin&scope=all&i=8,"student, College of Communication"
https://www.utexas.edu/directory/index.php?q=currin&scope=all&i=41,"student, Graduate School"
https://www.utexas.edu/directory/index.php?q=currin&scope=all&i=14,"staff, Div. of Diversity &amp; Community Engagement"
https://www.utexas.edu/directory/index.php?q=currin&scope=all&i=49,"staff, Office of Institutional Equity"
https://www.utexas.edu/directory/index.php?q=currin&scope=all&i=48,"student, College of Natural Sciences"
https://www.utexas.edu/directory/index.php?q=currin&scope=all&i=32,"faculty, Department of Government, College of Liberal Arts"
https://www.utexas.edu/directory/index.php?q=currin&scope=all&i=10,"staff, Department of Economics, College of Liberal Arts"
https://www.utexas.edu/directory/index.php?q=currin&scope=all&i=36,"staff, Utilities and Energy Management"
https://www.utexas.edu/directory/index.php?q=currin&scope=all&i=33,"faculty, Department of History, College of Liberal Arts"
https://www.utexas.edu/directory/index.php?q=currin&scope=all&i=47,"staff, IC2 Institute"
https://www.utexas.edu/directory/index.php?q=currin&scope=all&i=11,"faculty, College of Pharmacy"
https://www.utexas.edu/directory/index.php?q=currin&scope=all&i=0,"staff, Parking and Transportation Services"
https://www.utexas.edu/directory/index.php?q=currin&scope=all&i=1,"staff, Center for Energy and Environmental Resources, Cockrell School of Engineering"
https://www.utexas.edu/directory/index.php?q=currin&scope=all&i=37,"student, School of Engineering"
https://www.utexas.edu/directory/index.php?q=currin&scope=all&i=30,"faculty, Department of Sociology, College of Liberal Arts"
https://www.utexas.edu/directory/index.php?q=currin&scope=all&i=2,"faculty, Department of Classics, College of Liberal Arts"
https://www.utexas.edu/directory/index.php?q=currin&scope=all&i=18,"staff, Center for Space Research, Cockrell School of Engineering"
https://www.utexas.edu/directory/index.php?q=currin&scope=all&i=28,"faculty, Department of Marketing Administration, Red McCombs School of Business"
https://www.utexas.edu/directory/index.php?q=currin&scope=all&i=24,"staff, Project Management &amp; Construction Services"
https://www.utexas.edu/directory/index.php?q=currin&scope=all&i=17,"staff, Facilities Services"
https://www.utexas.edu/directory/index.php?q=currin&scope=all&i=38,"staff, Environmental Health and Safety"
https://www.utexas.edu/directory/index.php?q=currin&scope=all&i=13,"student, College of Natural Sciences"
https://www.utexas.edu/directory/index.php?q=currin&scope=all&i=46,"staff, Institute for Geophysics, Jackson School of Geosciences"
https://www.utexas.edu/directory/index.php?q=currin&scope=all&i=20,"staff, Institute for Geophysics, Jackson School of Geosciences"
https://www.utexas.edu/directory/index.php?q=currin&scope=all&i=21,"faculty, College of Pharmacy"
https://www.utexas.edu/directory/index.php?q=currin&scope=all&i=19,"staff, Information Technology Services"
https://www.utexas.edu/directory/index.php?q=currin&scope=all&i=22,"staff, Office of Graduate Studies"
https://www.utexas.edu/directory/index.php?q=currin&scope=all&i=15,"student, School of Business"
https://www.utexas.edu/directory/index.php?q=crafton&scope=all&i=13,"student, Graduate School; staff, Center for Infectious Disease, College of Natural Sciences"
https://www.utexas.edu/directory/index.php?q=crafton&scope=all&i=9,"staff, Intercollegiate Athletics"
https://www.utexas.edu/directory/index.php?q=crafton&scope=all&i=10,"student, College of Natural Sciences"
https://www.utexas.edu/directory/index.php?q=crafton&scope=all&i=4,"student, College of Natural Sciences"
https://www.utexas.edu/directory/index.php?q=crafton&scope=all&i=18,"staff, University Charter School"
https://www.utexas.edu/directory/index.php?q=crafton&scope=all&i=0,"student, Graduate School"
https://www.utexas.edu/directory/index.php?q=crafton&scope=all&i=2,"staff, University Affiliates"
https://www.utexas.edu/directory/index.php?q=crafton&scope=all&i=3,"student, School of Engineering; staff, Bureau of Economic Geology, Jackson School of Geosciences"
https://www.utexas.edu/directory/index.php?q=crafton&scope=all&i=5,"staff, Intercollegiate Athletics"
https://www.utexas.edu/directory/index.php?q=crafton&scope=all&i=17,"staff, South Asia Institute, College of Liberal Arts"
https://www.utexas.edu/directory/index.php?q=crafton&scope=all&i=12,"student, College of Liberal Arts; staff, University of Texas Libraries"
https://www.utexas.edu/directory/index.php?q=crafton&scope=all&i=7,"student, College of Communication"
https://www.utexas.edu/directory/index.php?q=crafton&scope=all&i=8,"student, College of Natural Sciences"
https://www.utexas.edu/directory/index.php?q=crafton&scope=all&i=11,"student, Graduate School"
https://www.utexas.edu/directory/index.php?q=crafton&scope=all&i=6,"student, School of Architecture"
https://www.utexas.edu/directory/index.php?q=crafton&scope=all&i=1,"student, College of Communication; staff, Office of Admissions"
https://www.utexas.edu/directory/index.php?q=crafton&scope=all&i=16,"student, School of Geosciences; staff, Department of Geological Sciences, Jackson School of Geosciences"
https://www.utexas.edu/directory/index.php?q=crafton&scope=all&i=15,"staff, Department of Radio Television Film, Moody College of Communication"
https://www.utexas.edu/directory/index.php?q=crafton&scope=all&i=14,"staff, Department of Integrative Biology, College of Natural Sciences"
https://www.utexas.edu/directory/index.php?q=coomer&scope=all&i=40,"student, School of Engineering"
https://www.utexas.edu/directory/index.php?q=coomer&scope=all&i=6,"student, School of Engineering"
https://www.utexas.edu/directory/index.php?q=coomer&scope=all&i=5,"student, School of Engineering"
https://www.utexas.edu/directory/index.php?q=coomer&scope=all&i=33,"student, Graduate School"
https://www.utexas.edu/directory/index.php?q=coomer&scope=all&i=42,"student, College of Communication"
https://www.utexas.edu/directory/index.php?q=coomer&scope=all&i=9,"student, School of Business"
https://www.utexas.edu/directory/index.php?q=coomer&scope=all&i=36,"student, Graduate School; staff, Center for Petroleum and Geosystems Engineering, Cockrell School of Engineering"
https://www.utexas.edu/directory/index.php?q=coomer&scope=all&i=32,"student, Graduate School of Business"
https://www.utexas.edu/directory/index.php?q=coomer&scope=all&i=14,"student, School of Nursing"
https://www.utexas.edu/directory/index.php?q=coomer&scope=all&i=34,"staff, Center for Petroleum and Geosystems Engineering, Cockrell School of Engineering"
https://www.utexas.edu/directory/index.php?q=coomer&scope=all&i=17,"student, School of Engineering"
https://www.utexas.edu/directory/index.php?q=coomer&scope=all&i=41,"student, College of Liberal Arts"
https://www.utexas.edu/directory/index.php?q=coomer&scope=all&i=37,"student, College of Liberal Arts"
https://www.utexas.edu/directory/index.php?q=coomer&scope=all&i=18,"student, College of Liberal Arts"
https://www.utexas.edu/directory/index.php?q=coomer&scope=all&i=28,
https://www.utexas.edu/directory/index.php?q=coomer&scope=all&i=26,"student, College of Natural Sciences"
https://www.utexas.edu/directory/index.php?q=coomer&scope=all&i=31,"student, College of Communication"
https://www.utexas.edu/directory/index.php?q=coomer&scope=all&i=22,"student, College of Fine Arts"
https://www.utexas.edu/directory/index.php?q=coomer&scope=all&i=16,"student, College of Natural Sciences"
https://www.utexas.edu/directory/index.php?q=coomer&scope=all&i=45,"student, School of Nursing"
https://www.utexas.edu/directory/index.php?q=coomer&scope=all&i=19,"staff, IC2 Institute"
https://www.utexas.edu/directory/index.php?q=coomer&scope=all&i=13,"student, School of Engineering"
https://www.utexas.edu/directory/index.php?q=coomer&scope=all&i=39,"student, Graduate School"
https://www.utexas.edu/directory/index.php?q=coomer&scope=all&i=43,"student, College of Liberal Arts"
https://www.utexas.edu/directory/index.php?q=coomer&scope=all&i=7,"student, School of Business"
https://www.utexas.edu/directory/index.php?q=coomer&scope=all&i=20,"student, School of Business"
https://www.utexas.edu/directory/index.php?q=coomer&scope=all&i=4,"student, School of Engineering"
https://www.utexas.edu/directory/index.php?q=coomer&scope=all&i=0,"faculty, Department of Astronomy, College of Natural Sciences"
https://www.utexas.edu/directory/index.php?q=coomer&scope=all&i=46,"staff, Dell Medical School"
https://www.utexas.edu/directory/index.php?q=coomer&scope=all&i=47,"student, Graduate School"
https://www.utexas.edu/directory/index.php?q=coomer&scope=all&i=38,"student, Graduate School of Business"
https://www.utexas.edu/directory/index.php?q=coomer&scope=all&i=48,"student, School of Engineering"
https://www.utexas.edu/directory/index.php?q=coomer&scope=all&i=44,"student, College of Natural Sciences"
https://www.utexas.edu/directory/index.php?q=coomer&scope=all&i=2,"student, College of Liberal Arts"
https://www.utexas.edu/directory/index.php?q=coomer&scope=all&i=11,"student, School of Engineering"
https://www.utexas.edu/directory/index.php?q=coomer&scope=all&i=29,"student, College of Natural Sciences"
https://www.utexas.edu/directory/index.php?q=coomer&scope=all&i=49,"student, College of Natural Sciences; staff, Environmental Science Institute, Jackson School of Geosciences"
https://www.utexas.edu/directory/index.php?q=coomer&scope=all&i=21,"student, Graduate School of Business"
https://www.utexas.edu/directory/index.php?q=coomer&scope=all&i=10,"student, College of Liberal Arts"
https://www.utexas.edu/directory/index.php?q=coomer&scope=all&i=27,"faculty, Department of Radio Television Film, Moody College of Communication"
https://www.utexas.edu/directory/index.php?q=coomer&scope=all&i=3,"student, College of Natural Sciences"
https://www.utexas.edu/directory/index.php?q=coomer&scope=all&i=1,"staff, University Affiliates"
https://www.utexas.edu/directory/index.php?q=coomer&scope=all&i=15,"student, College of Natural Sciences"
https://www.utexas.edu/directory/index.php?q=coomer&scope=all&i=35,"student, School of Business"
https://www.utexas.edu/directory/index.php?q=coomer&scope=all&i=8,"student, School of Business"
https://www.utexas.edu/directory/index.php?q=coomer&scope=all&i=24,"student, College of Natural Sciences"
https://www.utexas.edu/directory/index.php?q=coomer&scope=all&i=25,"student, College of Natural Sciences"
https://www.utexas.edu/directory/index.php?q=coomer&scope=all&i=23,
https://www.utexas.edu/directory/index.php?q=coomer&scope=all&i=12,"student, Graduate School; staff, Center for Transportation Research, Cockrell School of Engineering"
https://www.utexas.edu/directory/index.php?q=coomer&scope=all&i=30,"staff, Center for Energy and Environmental Resources, Cockrell School of Engineering"
https://www.utexas.edu/directory/index.php?q=colter&scope=all&i=5,"student, Graduate School; staff, Phil M Ferguson Structural Engineering Laboratory, Cockrell School of Engineering"
https://www.utexas.edu/directory/index.php?q=colter&scope=all&i=14,"staff, University Affiliates"
https://www.utexas.edu/directory/index.php?q=colter&scope=all&i=15,"staff, Division of Recreational Sports"
https://www.utexas.edu/directory/index.php?q=colter&scope=all&i=43,"student, Graduate School of Business"
https://www.utexas.edu/directory/index.php?q=colter&scope=all&i=17,"student, School of Engineering"
https://www.utexas.edu/directory/index.php?q=colter&scope=all&i=39,"student, College of Liberal Arts"
https://www.utexas.edu/directory/index.php?q=colter&scope=all&i=24,"student, College of Liberal Arts"
https://www.utexas.edu/directory/index.php?q=colter&scope=all&i=31,"student, Graduate School"
https://www.utexas.edu/directory/index.php?q=colter&scope=all&i=8,"student, Graduate School"
https://www.utexas.edu/directory/index.php?q=colter&scope=all&i=9,"student, College of Education"
https://www.utexas.edu/directory/index.php?q=colter&scope=all&i=16,"student, College of Natural Sciences"
https://www.utexas.edu/directory/index.php?q=colter&scope=all&i=44,"student, School of Engineering; staff, University of Texas Libraries"
https://www.utexas.edu/directory/index.php?q=colter&scope=all&i=52,"student, College of Communication"
https://www.utexas.edu/directory/index.php?q=colter&scope=all&i=25,"student, School of Architecture"
https://www.utexas.edu/directory/index.php?q=colter&scope=all&i=32,"staff, Red McCombs School of Business"
https://www.utexas.edu/directory/index.php?q=colter&scope=all&i=2,"student, College of Liberal Arts"
https://www.utexas.edu/directory/index.php?q=colter&scope=all&i=53,"student, College of Liberal Arts"
https://www.utexas.edu/directory/index.php?q=colter&scope=all&i=49,"student, School of Business"
https://www.utexas.edu/directory/index.php?q=colter&scope=all&i=30,"staff, Red McCombs School of Business"
https://www.utexas.edu/directory/index.php?q=colter&scope=all&i=18,"student, College of Liberal Arts"
https://www.utexas.edu/directory/index.php?q=colter&scope=all&i=7,"student, School of Nursing"
https://www.utexas.edu/directory/index.php?q=colter&scope=all&i=3,"student, School of Engineering"
https://www.utexas.edu/directory/index.php?q=colter&scope=all&i=12,"student, School of Engineering"
https://www.utexas.edu/directory/index.php?q=colter&scope=all&i=40,"student, Graduate School of Business"
https://www.utexas.edu/directory/index.php?q=colter&scope=all&i=37,"student, School of Social Work"
https://www.utexas.edu/directory/index.php?q=colter&scope=all&i=13,"student, School of Undergraduate Studies"
https://www.utexas.edu/directory/index.php?q=colter&scope=all&i=48,"staff, Division of Housing &amp; Food Service"
https://www.utexas.edu/directory/index.php?q=colter&scope=all&i=6,"student, College of Liberal Arts"
https://www.utexas.edu/directory/index.php?q=colter&scope=all&i=46,"student, Graduate School of Business"
https://www.utexas.edu/directory/index.php?q=colter&scope=all&i=34,"staff, College of Pharmacy"
https://www.utexas.edu/directory/index.php?q=colter&scope=all&i=51,"staff, IC2 Institute"
https://www.utexas.edu/directory/index.php?q=colter&scope=all&i=29,"student, College of Communication"
https://www.utexas.edu/directory/index.php?q=colter&scope=all&i=45,"student, College of Natural Sciences"
https://www.utexas.edu/directory/index.php?q=colter&scope=all&i=35,"student, College of Liberal Arts"
https://www.utexas.edu/directory/index.php?q=colter&scope=all&i=23,"student, College of Natural Sciences"
https://www.utexas.edu/directory/index.php?q=colter&scope=all&i=1,"student, College of Liberal Arts"
https://www.utexas.edu/directory/index.php?q=colter&scope=all&i=26,"staff, Division of Housing &amp; Food Service"
https://www.utexas.edu/directory/index.php?q=colter&scope=all&i=27,"student, College of Liberal Arts"
https://www.utexas.edu/directory/index.php?q=colter&scope=all&i=47,"student, Graduate School"
https://www.utexas.edu/directory/index.php?q=colter&scope=all&i=50,"student, College of Natural Sciences"
https://www.utexas.edu/directory/index.php?q=colter&scope=all&i=0,"staff, Facilities Services"
https://www.utexas.edu/directory/index.php?q=colter&scope=all&i=42,"staff, College of Natural Sciences"
https://www.utexas.edu/directory/index.php?q=colter&scope=all&i=36,"student, School of Engineering"
https://www.utexas.edu/directory/index.php?q=colter&scope=all&i=38,"faculty, School of Law"
https://www.utexas.edu/directory/index.php?q=colter&scope=all&i=4,"student, College of Communication"
https://www.utexas.edu/directory/index.php?q=colter&scope=all&i=41,"staff, Red McCombs School of Business"
https://www.utexas.edu/directory/index.php?q=colter&scope=all&i=19,"student, College of Education"
https://www.utexas.edu/directory/index.php?q=colter&scope=all&i=21,"student, Graduate School of Business"
https://www.utexas.edu/directory/index.php?q=colter&scope=all&i=20,"staff, University Affiliates"
https://www.utexas.edu/directory/index.php?q=colter&scope=all&i=22,"student, School of Architecture"
https://www.utexas.edu/directory/index.php?q=claxton&scope=all&i=16,"student, College of Natural Sciences; staff, Parking and Transportation Services"
https://www.utexas.edu/directory/index.php?q=claxton&scope=all&i=13,"student, College of Liberal Arts"
https://www.utexas.edu/directory/index.php?q=claxton&scope=all&i=17,"student, Graduate School"
https://www.utexas.edu/directory/index.php?q=claxton&scope=all&i=12,"student, College of Liberal Arts"
https://www.utexas.edu/directory/index.php?q=claxton&scope=all&i=10,"student, School of Business"
https://www.utexas.edu/directory/index.php?q=claxton&scope=all&i=23,"staff, University Affiliates"
https://www.utexas.edu/directory/index.php?q=claxton&scope=all&i=7,"staff, Department of Middle Eastern Studies, College of Liberal Arts"
https://www.utexas.edu/directory/index.php?q=claxton&scope=all&i=8,"student, College of Education"
https://www.utexas.edu/directory/index.php?q=claxton&scope=all&i=5,"student, College of Natural Sciences; staff, Division of Housing &amp; Food Service"
https://www.utexas.edu/directory/index.php?q=claxton&scope=all&i=15,"student, College of Liberal Arts"
https://www.utexas.edu/directory/index.php?q=claxton&scope=all&i=2,"staff, Academic Technology Support"
https://www.utexas.edu/directory/index.php?q=claxton&scope=all&i=11,"student, College of Liberal Arts"
https://www.utexas.edu/directory/index.php?q=claxton&scope=all&i=20,"student, College of Education"
https://www.utexas.edu/directory/index.php?q=claxton&scope=all&i=3,"student, School of Engineering"
https://www.utexas.edu/directory/index.php?q=claxton&scope=all&i=21,"student, School of Architecture"
https://www.utexas.edu/directory/index.php?q=claxton&scope=all&i=22,"student, Graduate School; staff, Department of Astronomy, College of Natural Sciences"
https://www.utexas.edu/directory/index.php?q=claxton&scope=all&i=1,"student, School of Undergraduate Studies"
https://www.utexas.edu/directory/index.php?q=claxton&scope=all&i=14,"staff, University Affiliates"
https://www.utexas.edu/directory/index.php?q=claxton&scope=all&i=9,"student, Graduate School"
https://www.utexas.edu/directory/index.php?q=claxton&scope=all&i=0,"student, Graduate School"
https://www.utexas.edu/directory/index.php?q=claxton&scope=all&i=19,"student, College of Communication"
https://www.utexas.edu/directory/index.php?q=claxton&scope=all&i=6,"student, College of Communication"
https://www.utexas.edu/directory/index.php?q=claxton&scope=all&i=18,"student, College of Natural Sciences"
https://www.utexas.edu/directory/index.php?q=claxton&scope=all&i=4,"student, College of Natural Sciences"
https://www.utexas.edu/directory/index.php?q=bulter&scope=all&i=1,"student, School of Business"
https://www.utexas.edu/directory/index.php?q=bulter&scope=all&i=9,"student, School of Engineering"
https://www.utexas.edu/directory/index.php?q=bulter&scope=all&i=2,"staff, Waggoner Center for Alcohol and Addiction Research, College of Natural Sciences"
https://www.utexas.edu/directory/index.php?q=bulter&scope=all&i=8,"student, College of Liberal Arts"
https://www.utexas.edu/directory/index.php?q=bulter&scope=all&i=16,"student, School of Business"
https://www.utexas.edu/directory/index.php?q=bulter&scope=all&i=15,"staff, Financial Information Systems"
https://www.utexas.edu/directory/index.php?q=bulter&scope=all&i=12,"student, College of Liberal Arts"
https://www.utexas.edu/directory/index.php?q=bulter&scope=all&i=0,"student, Graduate School; staff, School of Architecture"
https://www.utexas.edu/directory/index.php?q=bulter&scope=all&i=11,"staff, School of Law"
https://www.utexas.edu/directory/index.php?q=bulter&scope=all&i=14,"student, School of Business"
https://www.utexas.edu/directory/index.php?q=bulter&scope=all&i=10,"student, School of Engineering"
https://www.utexas.edu/directory/index.php?q=bulter&scope=all&i=3,"student, College of Natural Sciences"
https://www.utexas.edu/directory/index.php?q=bulter&scope=all&i=5,"staff, Information Security Office"
https://www.utexas.edu/directory/index.php?q=bulter&scope=all&i=4,"student, College of Natural Sciences"
https://www.utexas.edu/directory/index.php?q=bulter&scope=all&i=13,"student, College of Communication"
https://www.utexas.edu/directory/index.php?q=bulter&scope=all&i=6,"student, Graduate School"
https://www.utexas.edu/directory/index.php?q=bulter&scope=all&i=7,"student, Graduate School; staff, Department of Accounting, Red McCombs School of Business"
https://www.utexas.edu/directory/index.php?q=braddock&scope=all&i=3,"staff, Office of the Registrar"
https://www.utexas.edu/directory/index.php?q=braddock&scope=all&i=10,"staff, Office of Financial Aid"
https://www.utexas.edu/directory/index.php?q=braddock&scope=all&i=1,"student, College of Education"
https://www.utexas.edu/directory/index.php?q=braddock&scope=all&i=7,"student, School of Business; staff, Office of Financial Aid"
https://www.utexas.edu/directory/index.php?q=braddock&scope=all&i=9,"student, School of Business"
https://www.utexas.edu/directory/index.php?q=braddock&scope=all&i=4,"student, College of Natural Sciences"
https://www.utexas.edu/directory/index.php?q=braddock&scope=all&i=6,"student, Graduate School; staff, Department of Civil, Architectural and Environmental Engineering, Cockrell School of Engineering"
https://www.utexas.edu/directory/index.php?q=braddock&scope=all&i=8,"staff, Charles A Dana Center for Science and Mathematics Education, College of Natural Sciences"
https://www.utexas.edu/directory/index.php?q=braddock&scope=all&i=13,"student, College of Communication"
https://www.utexas.edu/directory/index.php?q=braddock&scope=all&i=5,"student, School of Engineering"
https://www.utexas.edu/directory/index.php?q=braddock&scope=all&i=12,"student, College of Liberal Arts"
https://www.utexas.edu/directory/index.php?q=braddock&scope=all&i=14,"faculty, Department of Educational Administration, College of Education"
https://www.utexas.edu/directory/index.php?q=braddock&scope=all&i=2,"student, Graduate School"
https://www.utexas.edu/directory/index.php?q=braddock&scope=all&i=11,"staff, School of Nursing"
https://www.utexas.edu/directory/index.php?q=braddock&scope=all&i=0,"staff, Cockrell School of Engineering"
https://www.utexas.edu/directory/index.php?q=blizzard&scope=all&i=3,"staff, University Health Services"
https://www.utexas.edu/directory/index.php?q=blizzard&scope=all&i=0,"staff, Facilities Services"
https://www.utexas.edu/directory/index.php?q=blizzard&scope=all&i=1,"student, Graduate School; staff, School of Nursing"
https://www.utexas.edu/directory/index.php?q=blizzard&scope=all&i=2,"staff, University Affiliates"
https://www.utexas.edu/directory/index.php?q=binn&scope=all&i=51,"student, College of Natural Sciences"
https://www.utexas.edu/directory/index.php?q=binn&scope=all&i=14,"student, College of Liberal Arts"
https://www.utexas.edu/directory/index.php?q=binn&scope=all&i=42,"staff, University Affiliates"
https://www.utexas.edu/directory/index.php?q=binn&scope=all&i=15,"student, College of Communication"
https://www.utexas.edu/directory/index.php?q=binn&scope=all&i=2,"student, College of Fine Arts"
https://www.utexas.edu/directory/index.php?q=binn&scope=all&i=10,"faculty, Department of Mechanical Engineering, Cockrell School of Engineering"
https://www.utexas.edu/directory/index.php?q=binn&scope=all&i=5,"student, Graduate School; staff, Institute for Cellular and Molecular Biology, College of Natural Sciences"
https://www.utexas.edu/directory/index.php?q=binn&scope=all&i=18,"staff, College of Pharmacy"
https://www.utexas.edu/directory/index.php?q=binn&scope=all&i=41,"student, College of Natural Sciences; staff, College of Natural Sciences"
https://www.utexas.edu/directory/index.php?q=binn&scope=all&i=34,"student, Graduate School"
https://www.utexas.edu/directory/index.php?q=binn&scope=all&i=20,"staff, Utilities and Energy Management"
https://www.utexas.edu/directory/index.php?q=binn&scope=all&i=46,"student, College of Natural Sciences"
https://www.utexas.edu/directory/index.php?q=binn&scope=all&i=25,"student, College of Liberal Arts"
https://www.utexas.edu/directory/index.php?q=binn&scope=all&i=7,"student, School of Business"
https://www.utexas.edu/directory/index.php?q=binn&scope=all&i=49,"faculty, Department of History, College of Liberal Arts"
https://www.utexas.edu/directory/index.php?q=binn&scope=all&i=36,"faculty, Department of Art and Art History, College of Fine Arts"
https://www.utexas.edu/directory/index.php?q=binn&scope=all&i=32,"student, College of Natural Sciences; staff, Applied Research Laboratories"
https://www.utexas.edu/directory/index.php?q=binn&scope=all&i=33,"faculty, Department of Mathematics, College of Natural Sciences"
https://www.utexas.edu/directory/index.php?q=binn&scope=all&i=19,"staff, Texas Performing Arts, College of Fine Arts"
https://www.utexas.edu/directory/index.php?q=binn&scope=all&i=37,"student, College of Natural Sciences"
https://www.utexas.edu/directory/index.php?q=binn&scope=all&i=31,"student, College of Liberal Arts"
https://www.utexas.edu/directory/index.php?q=binn&scope=all&i=52,"staff, Project Management &amp; Construction Services"
https://www.utexas.edu/directory/index.php?q=binn&scope=all&i=17,"staff, Applied Research Laboratories"
https://www.utexas.edu/directory/index.php?q=binn&scope=all&i=35,"staff, Department of Physics, College of Natural Sciences"
https://www.utexas.edu/directory/index.php?q=binn&scope=all&i=38,"student, College of Natural Sciences"
https://www.utexas.edu/directory/index.php?q=binn&scope=all&i=13,"student, College of Natural Sciences"
https://www.utexas.edu/directory/index.php?q=binn&scope=all&i=50,"student, Graduate School"
https://www.utexas.edu/directory/index.php?q=binn&scope=all&i=11,"staff, Microelectronics Research Center, Cockrell School of Engineering"
https://www.utexas.edu/directory/index.php?q=binn&scope=all&i=4,"staff, Center for Electromechanics, Cockrell School of Engineering"
https://www.utexas.edu/directory/index.php?q=binn&scope=all&i=12,"student, College of Natural Sciences"
https://www.utexas.edu/directory/index.php?q=binn&scope=all&i=28,"student, College of Liberal Arts"
https://www.utexas.edu/directory/index.php?q=binn&scope=all&i=9,"student, School of Business"
https://www.utexas.edu/directory/index.php?q=binn&scope=all&i=6,"staff, Thompson Conference Center"
https://www.utexas.edu/directory/index.php?q=binn&scope=all&i=53,"student, School of Engineering"
https://www.utexas.edu/directory/index.php?q=binn&scope=all&i=44,"student, College of Liberal Arts"
https://www.utexas.edu/directory/index.php?q=binn&scope=all&i=45,"student, Graduate School"
https://www.utexas.edu/directory/index.php?q=binn&scope=all&i=1,
https://www.utexas.edu/directory/index.php?q=binn&scope=all&i=22,"faculty, Department of Linguistics, College of Liberal Arts"
https://www.utexas.edu/directory/index.php?q=binn&scope=all&i=47,"student, School of Engineering"
https://www.utexas.edu/directory/index.php?q=binn&scope=all&i=3,"student, College of Communication"
https://www.utexas.edu/directory/index.php?q=binn&scope=all&i=24,"student, College of Liberal Arts"
https://www.utexas.edu/directory/index.php?q=binn&scope=all&i=26,"faculty, Department of Physics, College of Natural Sciences"
https://www.utexas.edu/directory/index.php?q=binn&scope=all&i=40,"student, Graduate School; staff, Center for Nonlinear Dynamics, College of Natural Sciences"
https://www.utexas.edu/directory/index.php?q=binn&scope=all&i=0,"faculty, School of Law"
https://www.utexas.edu/directory/index.php?q=binn&scope=all&i=21,"student, Graduate School; staff, Microelectronics Research Center, Cockrell School of Engineering"
https://www.utexas.edu/directory/index.php?q=binn&scope=all&i=8,"student, School of Architecture"
https://www.utexas.edu/directory/index.php?q=binn&scope=all&i=48,"staff, University Health Services"
https://www.utexas.edu/directory/index.php?q=binn&scope=all&i=29,"student, School of Business"
https://www.utexas.edu/directory/index.php?q=binn&scope=all&i=39,"staff, Department of Management, Red McCombs School of Business"
https://www.utexas.edu/directory/index.php?q=binn&scope=all&i=27,"staff, Applied Research Laboratories"
https://www.utexas.edu/directory/index.php?q=bing&scope=all&i=30,"student, Graduate School"
https://www.utexas.edu/directory/index.php?q=bing&scope=all&i=6,"student, College of Liberal Arts"
https://www.utexas.edu/directory/index.php?q=bing&scope=all&i=66,"student, Graduate School"
https://www.utexas.edu/directory/index.php?q=bing&scope=all&i=11,"student, Graduate School"
https://www.utexas.edu/directory/index.php?q=bing&scope=all&i=48,"staff, Department of Geological Sciences, Jackson School of Geosciences"
https://www.utexas.edu/directory/index.php?q=bing&scope=all&i=63,"staff, Department of Chemical Engineering, Cockrell School of Engineering"
https://www.utexas.edu/directory/index.php?q=bing&scope=all&i=19,"student, Graduate School of Business"
https://www.utexas.edu/directory/index.php?q=bing&scope=all&i=20,"staff, University Affiliates"
https://www.utexas.edu/directory/index.php?q=bing&scope=all&i=15,"student, Graduate School; staff, College of Pharmacy"
https://www.utexas.edu/directory/index.php?q=bing&scope=all&i=1,"student, Graduate School"
https://www.utexas.edu/directory/index.php?q=bing&scope=all&i=18,"staff, Bureau of Economic Geology, Jackson School of Geosciences"
https://www.utexas.edu/directory/index.php?q=bing&scope=all&i=57,
https://www.utexas.edu/directory/index.php?q=bing&scope=all&i=45,"student, College of Fine Arts"
https://www.utexas.edu/directory/index.php?q=bing&scope=all&i=12,"student, School of Engineering"
https://www.utexas.edu/directory/index.php?q=bing&scope=all&i=39,"staff, Intercollegiate Athletics"
https://www.utexas.edu/directory/index.php?q=bing&scope=all&i=33,"staff, University Affiliates"
https://www.utexas.edu/directory/index.php?q=bing&scope=all&i=68,"student, College of Liberal Arts"
https://www.utexas.edu/directory/index.php?q=bing&scope=all&i=69,"student, School of Engineering"
https://www.utexas.edu/directory/index.php?q=bing&scope=all&i=31,"student, College of Communication"
https://www.utexas.edu/directory/index.php?q=bing&scope=all&i=27,"student, Graduate School"
https://www.utexas.edu/directory/index.php?q=bing&scope=all&i=67,"student, College of Pharmacy"
https://www.utexas.edu/directory/index.php?q=bing&scope=all&i=35,
https://www.utexas.edu/directory/index.php?q=bing&scope=all&i=42,"student, College of Pharmacy"
https://www.utexas.edu/directory/index.php?q=bing&scope=all&i=61,"student, College of Natural Sciences"
https://www.utexas.edu/directory/index.php?q=bing&scope=all&i=65,"student, School of Business"
https://www.utexas.edu/directory/index.php?q=bing&scope=all&i=7,"student, School of Business"
https://www.utexas.edu/directory/index.php?q=bing&scope=all&i=24,"student, College of Natural Sciences"
https://www.utexas.edu/directory/index.php?q=bing&scope=all&i=54,"student, School of Social Work"
https://www.utexas.edu/directory/index.php?q=bing&scope=all&i=3,"student, College of Pharmacy"
https://www.utexas.edu/directory/index.php?q=bing&scope=all&i=55,"student, College of Liberal Arts"
https://www.utexas.edu/directory/index.php?q=bing&scope=all&i=2,"staff, Executive Vice President &amp; Provost"
https://www.utexas.edu/directory/index.php?q=bing&scope=all&i=10,"student, College of Liberal Arts"
https://www.utexas.edu/directory/index.php?q=bing&scope=all&i=59,"student, College of Natural Sciences"
https://www.utexas.edu/directory/index.php?q=bing&scope=all&i=13,"student, School of Engineering"
https://www.utexas.edu/directory/index.php?q=bing&scope=all&i=46,"student, School of Engineering"
https://www.utexas.edu/directory/index.php?q=bing&scope=all&i=34,"student, College of Natural Sciences"
https://www.utexas.edu/directory/index.php?q=bing&scope=all&i=37,"student, College of Education"
https://www.utexas.edu/directory/index.php?q=bing&scope=all&i=64,"staff, Institute for Geophysics, Jackson School of Geosciences"
https://www.utexas.edu/directory/index.php?q=bing&scope=all&i=58,"student, School of Engineering"
https://www.utexas.edu/directory/index.php?q=bing&scope=all&i=52,"student, College of Natural Sciences"
https://www.utexas.edu/directory/index.php?q=bing&scope=all&i=21,"student, College of Natural Sciences; staff, Intercollegiate Athletics"
https://www.utexas.edu/directory/index.php?q=bing&scope=all&i=47,"student, College of Natural Sciences"
https://www.utexas.edu/directory/index.php?q=bing&scope=all&i=17,"faculty/staff, College of Pharmacy"
https://www.utexas.edu/directory/index.php?q=bing&scope=all&i=28,"staff, Intercollegiate Athletics"
https://www.utexas.edu/directory/index.php?q=bing&scope=all&i=32,"student, College of Natural Sciences"
https://www.utexas.edu/directory/index.php?q=bing&scope=all&i=9,"staff, Applied Research Laboratories"
https://www.utexas.edu/directory/index.php?q=bing&scope=all&i=44,"student, College of Pharmacy"
https://www.utexas.edu/directory/index.php?q=bing&scope=all&i=14,"staff, Department of Nutritional Sciences, College of Natural Sciences"
https://www.utexas.edu/directory/index.php?q=bing&scope=all&i=23,"student, College of Natural Sciences"
https://www.utexas.edu/directory/index.php?q=bing&scope=all&i=50,"student, College of Communication"
https://www.utexas.edu/directory/index.php?q=bakerville&scope=all&i=2,"staff, Biology Instructional Office, College of Natural Sciences"
https://www.utexas.edu/directory/index.php?q=bakerville&scope=all&i=3,"faculty, Department of Information, Risk, and Operations Management, Red McCombs School of Business"
https://www.utexas.edu/directory/index.php?q=bakerville&scope=all&i=1,"staff, University Affiliates"
https://www.utexas.edu/directory/index.php?q=bakerville&scope=all&i=0,"faculty, Department of History, College of Liberal Arts"
https://www.utexas.edu/directory/index.php?q=bakerville&scope=all&i=4,"student, Graduate School"
https://www.utexas.edu/directory/index.php?q=bakerville&scope=all&i=5,"student, School of Engineering"
https://www.utexas.edu/directory/index.php?q=barro&scope=all&i=18,"student, School of Engineering"
https://www.utexas.edu/directory/index.php?q=barro&scope=all&i=35,"student, School of Engineering"
https://www.utexas.edu/directory/index.php?q=barro&scope=all&i=29,"staff, Intercollegiate Athletics"
https://www.utexas.edu/directory/index.php?q=barro&scope=all&i=32,"student, College of Fine Arts"
https://www.utexas.edu/directory/index.php?q=barro&scope=all&i=50,"student, College of Liberal Arts"
https://www.utexas.edu/directory/index.php?q=barro&scope=all&i=71,"student, School of Architecture"
https://www.utexas.edu/directory/index.php?q=barro&scope=all&i=0,"student, School of Engineering"
https://www.utexas.edu/directory/index.php?q=barro&scope=all&i=19,"student, Graduate School"
https://www.utexas.edu/directory/index.php?q=barro&scope=all&i=7,"student, School of Engineering"
https://www.utexas.edu/directory/index.php?q=barro&scope=all&i=48,"student, Graduate School"
https://www.utexas.edu/directory/index.php?q=barro&scope=all&i=31,"student, College of Natural Sciences"
https://www.utexas.edu/directory/index.php?q=barro&scope=all&i=38,"staff, Lady Bird Johnson Wildflower Center, College of Natural Sciences"
https://www.utexas.edu/directory/index.php?q=barro&scope=all&i=36,"staff, University Affiliates"
https://www.utexas.edu/directory/index.php?q=barro&scope=all&i=21,"student, College of Natural Sciences; staff, College of Natural Sciences"
https://www.utexas.edu/directory/index.php?q=barro&scope=all&i=46,"student, School of Business"
https://www.utexas.edu/directory/index.php?q=barro&scope=all&i=64,"student, College of Liberal Arts"
https://www.utexas.edu/directory/index.php?q=barro&scope=all&i=27,"student, College of Communication"
https://www.utexas.edu/directory/index.php?q=barro&scope=all&i=26,"student, College of Natural Sciences"
https://www.utexas.edu/directory/index.php?q=barro&scope=all&i=49,"staff, Department of Art and Art History, College of Fine Arts"
https://www.utexas.edu/directory/index.php?q=barro&scope=all&i=52,"student, Graduate School; staff, Department of Educational Psychology, College of Education"
https://www.utexas.edu/directory/index.php?q=barro&scope=all&i=6,"student, Graduate School"
https://www.utexas.edu/directory/index.php?q=barro&scope=all&i=15,"staff, Dell Medical School"
https://www.utexas.edu/directory/index.php?q=barro&scope=all&i=17,"student, School of Engineering"
https://www.utexas.edu/directory/index.php?q=barro&scope=all&i=3,"student, College of Communication"
https://www.utexas.edu/directory/index.php?q=barro&scope=all&i=44,"faculty, School of Law"
https://www.utexas.edu/directory/index.php?q=barro&scope=all&i=11,"student, Graduate School; staff, Department of Integrative Biology, College of Natural Sciences"
https://www.utexas.edu/directory/index.php?q=barro&scope=all&i=47,"staff, College of Liberal Arts"
https://www.utexas.edu/directory/index.php?q=barro&scope=all&i=62,"staff, College of Fine Arts"
https://www.utexas.edu/directory/index.php?q=barro&scope=all&i=22,"faculty, Department of Information, Risk, and Operations Management, Red McCombs School of Business"
https://www.utexas.edu/directory/index.php?q=barro&scope=all&i=28,"student, Graduate School"
https://www.utexas.edu/directory/index.php?q=barro&scope=all&i=34,"student, Graduate School; staff, Wireless Networking and Communications Group, Cockrell School of Engineering"
https://www.utexas.edu/directory/index.php?q=barro&scope=all&i=66,"faculty, Department of English, College of Liberal Arts"
https://www.utexas.edu/directory/index.php?q=barro&scope=all&i=13,"staff, Office of the Registrar"
https://www.utexas.edu/directory/index.php?q=barro&scope=all&i=40,"faculty, Department of History, College of Liberal Arts"
https://www.utexas.edu/directory/index.php?q=barro&scope=all&i=1,"student, Graduate School; staff, University of Texas Libraries"
https://www.utexas.edu/directory/index.php?q=barro&scope=all&i=69,"staff, Campus Planning &amp; Project Management"
https://www.utexas.edu/directory/index.php?q=barro&scope=all&i=43,"staff, Department of Mathematics, College of Natural Sciences"
https://www.utexas.edu/directory/index.php?q=barro&scope=all&i=55,"faculty, School of Nursing"
https://www.utexas.edu/directory/index.php?q=barro&scope=all&i=12,"staff, Division of Housing &amp; Food Service"
https://www.utexas.edu/directory/index.php?q=barro&scope=all&i=61,"staff, Applied Research Laboratories"
https://www.utexas.edu/directory/index.php?q=barro&scope=all&i=16,"staff, Harry Huntt Ransom Humanities Research Center"
https://www.utexas.edu/directory/index.php?q=barro&scope=all&i=14,"staff, ITS Networking"
https://www.utexas.edu/directory/index.php?q=barro&scope=all&i=9,"staff, Intercollegiate Athletics"
https://www.utexas.edu/directory/index.php?q=barro&scope=all&i=57,"staff, Intercollegiate Athletics"
https://www.utexas.edu/directory/index.php?q=barro&scope=all&i=20,"staff, Bureau of Economic Geology, Jackson School of Geosciences"
https://www.utexas.edu/directory/index.php?q=barro&scope=all&i=45,"faculty, Department of Psychology, College of Liberal Arts"
https://www.utexas.edu/directory/index.php?q=barro&scope=all&i=54,"staff, Applied Research Laboratories"
https://www.utexas.edu/directory/index.php?q=barro&scope=all&i=68,"staff, University of Texas Press"
https://www.utexas.edu/directory/index.php?q=barro&scope=all&i=65,"student, School of Law"
https://www.utexas.edu/directory/index.php?q=barro&scope=all&i=30,"staff, University Unions"
https://www.utexas.edu/directory/index.php?q=anley&scope=all&i=0,"staff, Institute for Computational Engineering and Science"
https://www.utexas.edu/directory/index.php?q=anley&scope=all&i=7,"student, School of Undergraduate Studies"
https://www.utexas.edu/directory/index.php?q=anley&scope=all&i=11,"student, College of Natural Sciences"
https://www.utexas.edu/directory/index.php?q=anley&scope=all&i=6,"student, College of Fine Arts"
https://www.utexas.edu/directory/index.php?q=anley&scope=all&i=21,"student, College of Fine Arts"
https://www.utexas.edu/directory/index.php?q=anley&scope=all&i=8,"student, School of Undergraduate Studies"
https://www.utexas.edu/directory/index.php?q=anley&scope=all&i=15,"student, School of Business"
https://www.utexas.edu/directory/index.php?q=anley&scope=all&i=17,"student, College of Communication"
https://www.utexas.edu/directory/index.php?q=anley&scope=all&i=22,"student, Graduate School"
https://www.utexas.edu/directory/index.php?q=anley&scope=all&i=13,"student, College of Natural Sciences"
https://www.utexas.edu/directory/index.php?q=anley&scope=all&i=14,"student, School of Business"
https://www.utexas.edu/directory/index.php?q=anley&scope=all&i=9,"student, College of Communication"
https://www.utexas.edu/directory/index.php?q=anley&scope=all&i=20,"student, College of Liberal Arts"
https://www.utexas.edu/directory/index.php?q=anley&scope=all&i=1,"staff, Dell Medical School"
https://www.utexas.edu/directory/index.php?q=anley&scope=all&i=4,"student, School of Business"
https://www.utexas.edu/directory/index.php?q=anley&scope=all&i=2,"student, School of Engineering"
https://www.utexas.edu/directory/index.php?q=anley&scope=all&i=3,"student, College of Natural Sciences"
https://www.utexas.edu/directory/index.php?q=anley&scope=all&i=5,"student, College of Liberal Arts"
https://www.utexas.edu/directory/index.php?q=anley&scope=all&i=10,"staff, Biology Instructional Office, College of Natural Sciences"
https://www.utexas.edu/directory/index.php?q=anley&scope=all&i=19,"staff, Utilities and Energy Management"
https://www.utexas.edu/directory/index.php?q=anley&scope=all&i=16,"student, School of Business"
https://www.utexas.edu/directory/index.php?q=anley&scope=all&i=12,"student, College of Natural Sciences"
https://www.utexas.edu/directory/index.php?q=anley&scope=all&i=18,"student, College of Natural Sciences"
https://www.utexas.edu/directory/index.php?q=wight&scope=all&i=0,"student, Graduate School; staff, Lyndon B Johnson School of Public Affairs"
https://www.utexas.edu/directory/index.php?q=wight&scope=all&i=1,"student, College of Natural Sciences"
https://www.utexas.edu/directory/index.php?q=wight&scope=all&i=6,"student, College of Natural Sciences"
https://www.utexas.edu/directory/index.php?q=wight&scope=all&i=4,"staff, Utilities and Energy Management"
https://www.utexas.edu/directory/index.php?q=wight&scope=all&i=2,"staff, Longhorn Aquatics"
https://www.utexas.edu/directory/index.php?q=wight&scope=all&i=5,"student, College of Liberal Arts"
https://www.utexas.edu/directory/index.php?q=wight&scope=all&i=3,"faculty, School of Information"
https://www.utexas.edu/directory/index.php?q=waldman&scope=all&i=4,"staff, UTeach Science Program, College of Natural Sciences"
https://www.utexas.edu/directory/index.php?q=waldman&scope=all&i=3,"faculty, Department of Art and Art History, College of Fine Arts"
https://www.utexas.edu/directory/index.php?q=waldman&scope=all&i=1,"student, Graduate School"
https://www.utexas.edu/directory/index.php?q=waldman&scope=all&i=2,"student, College of Liberal Arts"
https://www.utexas.edu/directory/index.php?q=waldman&scope=all&i=0,"student, College of Liberal Arts"
https://www.utexas.edu/directory/index.php?q=waldman&scope=all&i=6,"student, College of Liberal Arts"
https://www.utexas.edu/directory/index.php?q=waldman&scope=all&i=5,"staff, International Office"
https://www.utexas.edu/directory/index.php?q=wadley&scope=all&i=9,"student, College of Liberal Arts"
https://www.utexas.edu/directory/index.php?q=wadley&scope=all&i=7,"student, Graduate School"
https://www.utexas.edu/directory/index.php?q=wadley&scope=all&i=30,"student, College of Natural Sciences; staff, UTeach Science Program, College of Natural Sciences"
https://www.utexas.edu/directory/index.php?q=wadley&scope=all&i=25,"student, School of Business"
https://www.utexas.edu/directory/index.php?q=wadley&scope=all&i=22,"staff, Dell Medical School"
https://www.utexas.edu/directory/index.php?q=wadley&scope=all&i=32,"staff, International Office"
https://www.utexas.edu/directory/index.php?q=wadley&scope=all&i=4,"staff, Intercollegiate Athletics"
https://www.utexas.edu/directory/index.php?q=wadley&scope=all&i=1,"student, College of Education"
https://www.utexas.edu/directory/index.php?q=wadley&scope=all&i=18,"student, Graduate School of Business"
https://www.utexas.edu/directory/index.php?q=wadley&scope=all&i=23,"staff, University Police Department"
https://www.utexas.edu/directory/index.php?q=wadley&scope=all&i=26,"staff, Lyndon B Johnson School of Public Affairs"
https://www.utexas.edu/directory/index.php?q=wadley&scope=all&i=15,"staff, Intercollegiate Athletics"
https://www.utexas.edu/directory/index.php?q=wadley&scope=all&i=20,"student, College of Communication"
https://www.utexas.edu/directory/index.php?q=wadley&scope=all&i=14,"staff, University Affiliates"
https://www.utexas.edu/directory/index.php?q=wadley&scope=all&i=5,"student, School of Business"
https://www.utexas.edu/directory/index.php?q=wadley&scope=all&i=29,"student, School of Architecture"
https://www.utexas.edu/directory/index.php?q=wadley&scope=all&i=12,"student, College of Liberal Arts"
https://www.utexas.edu/directory/index.php?q=wadley&scope=all&i=3,"student, College of Education"
https://www.utexas.edu/directory/index.php?q=wadley&scope=all&i=16,"student, College of Liberal Arts"
https://www.utexas.edu/directory/index.php?q=wadley&scope=all&i=27,"student, College of Liberal Arts"
https://www.utexas.edu/directory/index.php?q=wadley&scope=all&i=0,"student, College of Fine Arts"
https://www.utexas.edu/directory/index.php?q=wadley&scope=all&i=19,"faculty, Molecular Biosciences, College of Natural Sciences"
https://www.utexas.edu/directory/index.php?q=wadley&scope=all&i=24,"student, Graduate School"
https://www.utexas.edu/directory/index.php?q=wadley&scope=all&i=6,"student, School of Law"
https://www.utexas.edu/directory/index.php?q=wadley&scope=all&i=10,"student, College of Communication"
https://www.utexas.edu/directory/index.php?q=wadley&scope=all&i=21,"student, Graduate School of Business; staff, School of Law"
https://www.utexas.edu/directory/index.php?q=wadley&scope=all&i=11,"student, College of Education"
https://www.utexas.edu/directory/index.php?q=wadley&scope=all&i=28,"student, College of Communication"
https://www.utexas.edu/directory/index.php?q=wadley&scope=all&i=13,"student, Graduate School; staff, Biomedical Engineering, Cockrell School of Engineering"
https://www.utexas.edu/directory/index.php?q=wadley&scope=all&i=8,"staff, Technology Resources"
https://www.utexas.edu/directory/index.php?q=wadley&scope=all&i=31,"staff, University Affiliates"
https://www.utexas.edu/directory/index.php?q=wadley&scope=all&i=17,"staff, University Affiliates"
https://www.utexas.edu/directory/index.php?q=wadley&scope=all&i=2,"staff, Texas Performing Arts, College of Fine Arts"
https://www.utexas.edu/directory/index.php?q=wadley&scope=all&i=33,"student, Graduate School"
https://www.utexas.edu/directory/index.php?q=tull&scope=all&i=20,"faculty, Department of History, College of Liberal Arts"
https://www.utexas.edu/directory/index.php?q=tull&scope=all&i=60,"student, School of Engineering"
https://www.utexas.edu/directory/index.php?q=tull&scope=all&i=31,"student, College of Communication"
https://www.utexas.edu/directory/index.php?q=tull&scope=all&i=25,"staff, Facilities Services"
https://www.utexas.edu/directory/index.php?q=tull&scope=all&i=1,"student, School of Engineering; staff, Applied Research Laboratories"
https://www.utexas.edu/directory/index.php?q=tull&scope=all&i=52,"faculty, Department of Management, Red McCombs School of Business"
https://www.utexas.edu/directory/index.php?q=tull&scope=all&i=17,"student, School of Undergraduate Studies"
https://www.utexas.edu/directory/index.php?q=tull&scope=all&i=45,"faculty, Stan Richards School of Advertising and Public Relations, Moody College of Communication"
https://www.utexas.edu/directory/index.php?q=tull&scope=all&i=36,"student, College of Education"
https://www.utexas.edu/directory/index.php?q=tull&scope=all&i=34,"student, School of Business"
https://www.utexas.edu/directory/index.php?q=tull&scope=all&i=5,"staff, University Affiliates"
https://www.utexas.edu/directory/index.php?q=tull&scope=all&i=32,"student, School of Undergraduate Studies"
https://www.utexas.edu/directory/index.php?q=tull&scope=all&i=9,"student, College of Communication"
https://www.utexas.edu/directory/index.php?q=tull&scope=all&i=51,"faculty/staff, College of Fine Arts"
https://www.utexas.edu/directory/index.php?q=tull&scope=all&i=43,"student, Graduate School; staff, Department of Kinesiology and Health Education, College of Education"
https://www.utexas.edu/directory/index.php?q=tull&scope=all&i=44,"staff, Center for Nano Molecular Science, College of Natural Sciences"
https://www.utexas.edu/directory/index.php?q=tull&scope=all&i=39,"student, College of Liberal Arts"
https://www.utexas.edu/directory/index.php?q=tull&scope=all&i=21,"student, School of Engineering"
https://www.utexas.edu/directory/index.php?q=tull&scope=all&i=37,"staff, Applied Research Laboratories"
https://www.utexas.edu/directory/index.php?q=tull&scope=all&i=10,"staff, Center for Perceptual Systems, College of Liberal Arts"
https://www.utexas.edu/directory/index.php?q=tull&scope=all&i=13,"staff, Division of Recreational Sports"
https://www.utexas.edu/directory/index.php?q=tull&scope=all&i=14,"student, School of Business"
https://www.utexas.edu/directory/index.php?q=tull&scope=all&i=15,"student, Graduate School"
https://www.utexas.edu/directory/index.php?q=tull&scope=all&i=55,"staff, Technology Resources"
https://www.utexas.edu/directory/index.php?q=tull&scope=all&i=46,"staff, Microelectronics Research Center, Cockrell School of Engineering"
https://www.utexas.edu/directory/index.php?q=tull&scope=all&i=27,"staff, College of Pharmacy"
https://www.utexas.edu/directory/index.php?q=tull&scope=all&i=38,"staff, Division of Housing &amp; Food Service"
https://www.utexas.edu/directory/index.php?q=tull&scope=all&i=49,"staff, Microelectronics Research Center, Cockrell School of Engineering"
https://www.utexas.edu/directory/index.php?q=tull&scope=all&i=47,"staff, Parking and Transportation Services"
https://www.utexas.edu/directory/index.php?q=tull&scope=all&i=42,"faculty, Department Communication Studies, Moody College of Communication"
https://www.utexas.edu/directory/index.php?q=tull&scope=all&i=4,"student, Graduate School"
https://www.utexas.edu/directory/index.php?q=tull&scope=all&i=29,"faculty, Lyndon B Johnson School of Public Affairs"
https://www.utexas.edu/directory/index.php?q=tull&scope=all&i=50,"faculty, College of Pharmacy"
https://www.utexas.edu/directory/index.php?q=tull&scope=all&i=26,"staff, Human Resources"
https://www.utexas.edu/directory/index.php?q=tull&scope=all&i=3,"faculty, School of Architecture"
https://www.utexas.edu/directory/index.php?q=tull&scope=all&i=6,
https://www.utexas.edu/directory/index.php?q=tull&scope=all&i=41,"faculty, Department of History, College of Liberal Arts"
https://www.utexas.edu/directory/index.php?q=tull&scope=all&i=30,"student, College of Communication"
https://www.utexas.edu/directory/index.php?q=tull&scope=all&i=54,"staff, Facilities Services"
https://www.utexas.edu/directory/index.php?q=tull&scope=all&i=0,"staff, Div. of Diversity &amp; Community Engagement"
https://www.utexas.edu/directory/index.php?q=tull&scope=all&i=53,"student, College of Education"
https://www.utexas.edu/directory/index.php?q=tull&scope=all&i=2,"staff, Department of Philosophy, College of Liberal Arts"
https://www.utexas.edu/directory/index.php?q=tull&scope=all&i=35,"student, College of Natural Sciences"
https://www.utexas.edu/directory/index.php?q=tull&scope=all&i=33,"faculty, Department of Educational Psychology, College of Education"
https://www.utexas.edu/directory/index.php?q=tull&scope=all&i=40,"student, College of Communication"
https://www.utexas.edu/directory/index.php?q=tull&scope=all&i=19,"staff, Cockrell School of Engineering"
https://www.utexas.edu/directory/index.php?q=tull&scope=all&i=24,"staff, Division of Housing &amp; Food Service"
https://www.utexas.edu/directory/index.php?q=tull&scope=all&i=11,"staff, Division of Housing &amp; Food Service"
https://www.utexas.edu/directory/index.php?q=tull&scope=all&i=57,"faculty/staff, College of Liberal Arts"
https://www.utexas.edu/directory/index.php?q=tull&scope=all&i=58,"faculty, Department Communication Studies, Moody College of Communication"
https://www.utexas.edu/directory/index.php?q=trull&scope=all&i=5,"student, College of Liberal Arts"
https://www.utexas.edu/directory/index.php?q=trull&scope=all&i=3,"student, College of Liberal Arts"
https://www.utexas.edu/directory/index.php?q=trull&scope=all&i=12,"student, School of Engineering"
https://www.utexas.edu/directory/index.php?q=trull&scope=all&i=8,"student, College of Communication"
https://www.utexas.edu/directory/index.php?q=trull&scope=all&i=19,"student, College of Communication"
https://www.utexas.edu/directory/index.php?q=trull&scope=all&i=1,"student, Graduate School"
https://www.utexas.edu/directory/index.php?q=trull&scope=all&i=7,"student, Graduate School"
https://www.utexas.edu/directory/index.php?q=trull&scope=all&i=18,"student, College of Natural Sciences"
https://www.utexas.edu/directory/index.php?q=trull&scope=all&i=0,"student, Graduate School"
https://www.utexas.edu/directory/index.php?q=trull&scope=all&i=14,"student, Graduate School; staff, Department of English, College of Liberal Arts"
https://www.utexas.edu/directory/index.php?q=trull&scope=all&i=6,"staff, Jack S Blanton Museum of Art"
https://www.utexas.edu/directory/index.php?q=trull&scope=all&i=16,"student, College of Natural Sciences"
https://www.utexas.edu/directory/index.php?q=trull&scope=all&i=2,"staff, Microelectronics Research Center, Cockrell School of Engineering"
https://www.utexas.edu/directory/index.php?q=trull&scope=all&i=4,"staff, University of Texas Child Development Center"
https://www.utexas.edu/directory/index.php?q=trull&scope=all&i=17,"staff, International Office"
https://www.utexas.edu/directory/index.php?q=trull&scope=all&i=10,"student, College of Natural Sciences"
https://www.utexas.edu/directory/index.php?q=trull&scope=all&i=9,"student, School of Business"
https://www.utexas.edu/directory/index.php?q=trull&scope=all&i=11,"student, College of Natural Sciences"
https://www.utexas.edu/directory/index.php?q=trull&scope=all&i=13,"staff, Intercollegiate Athletics"
https://www.utexas.edu/directory/index.php?q=trull&scope=all&i=15,"student, School of Engineering"
https://www.utexas.edu/directory/index.php?q=truck&scope=all&i=12,"staff, IC2 Institute"
https://www.utexas.edu/directory/index.php?q=truck&scope=all&i=31,"staff, Dell Medical School"
https://www.utexas.edu/directory/index.php?q=truck&scope=all&i=34,"student, College of Communication"
https://www.utexas.edu/directory/index.php?q=truck&scope=all&i=32,"staff, University of Texas Libraries"
https://www.utexas.edu/directory/index.php?q=truck&scope=all&i=21,
https://www.utexas.edu/directory/index.php?q=truck&scope=all&i=39,"student, Graduate School"
https://www.utexas.edu/directory/index.php?q=truck&scope=all&i=6,"student, College of Natural Sciences"
https://www.utexas.edu/directory/index.php?q=truck&scope=all&i=1,"student, Graduate School; staff, Department of Educational Administration, College of Education"
https://www.utexas.edu/directory/index.php?q=truck&scope=all&i=33,"staff, College of Pharmacy"
https://www.utexas.edu/directory/index.php?q=truck&scope=all&i=22,"student, College of Liberal Arts"
https://www.utexas.edu/directory/index.php?q=truck&scope=all&i=44,"staff, Facilities Services"
https://www.utexas.edu/directory/index.php?q=truck&scope=all&i=38,"student, College of Liberal Arts"
https://www.utexas.edu/directory/index.php?q=truck&scope=all&i=8,"student, College of Natural Sciences"
https://www.utexas.edu/directory/index.php?q=truck&scope=all&i=2,"student, School of Engineering"
https://www.utexas.edu/directory/index.php?q=truck&scope=all&i=5,"student, College of Communication"
https://www.utexas.edu/directory/index.php?q=truck&scope=all&i=13,"staff, Texas Performing Arts, College of Fine Arts"
https://www.utexas.edu/directory/index.php?q=truck&scope=all&i=20,"staff, Human Dev &amp; Family Sci, College of Natural Sciences"
https://www.utexas.edu/directory/index.php?q=truck&scope=all&i=0,"student, School of Law"
https://www.utexas.edu/directory/index.php?q=truck&scope=all&i=10,"student, College of Liberal Arts"
https://www.utexas.edu/directory/index.php?q=truck&scope=all&i=19,"student, College of Education"
https://www.utexas.edu/directory/index.php?q=truck&scope=all&i=9,"staff, University Unions"
https://www.utexas.edu/directory/index.php?q=truck&scope=all&i=11,"student, School of Business"
https://www.utexas.edu/directory/index.php?q=truck&scope=all&i=37,"student, College of Natural Sciences"
https://www.utexas.edu/directory/index.php?q=truck&scope=all&i=26,"student, Graduate School; staff, Wireless Networking and Communications Group, Cockrell School of Engineering"
https://www.utexas.edu/directory/index.php?q=truck&scope=all&i=3,"staff, School of Law"
https://www.utexas.edu/directory/index.php?q=truck&scope=all&i=14,"student, School of Business; staff, Department of Economics, College of Liberal Arts"
https://www.utexas.edu/directory/index.php?q=truck&scope=all&i=23,"student, Graduate School"
https://www.utexas.edu/directory/index.php?q=truck&scope=all&i=25,"student, College of Liberal Arts"
https://www.utexas.edu/directory/index.php?q=truck&scope=all&i=27,"student, College of Fine Arts"
https://www.utexas.edu/directory/index.php?q=truck&scope=all&i=24,"student, College of Communication"
https://www.utexas.edu/directory/index.php?q=truck&scope=all&i=40,"student, School of Engineering"
https://www.utexas.edu/directory/index.php?q=truck&scope=all&i=4,"student, College of Natural Sciences"
https://www.utexas.edu/directory/index.php?q=truck&scope=all&i=30,"student, Graduate School"
https://www.utexas.edu/directory/index.php?q=truck&scope=all&i=15,"staff, Dell Medical School"
https://www.utexas.edu/directory/index.php?q=truck&scope=all&i=43,"student, College of Natural Sciences"
https://www.utexas.edu/directory/index.php?q=truck&scope=all&i=35,"student, College of Natural Sciences"
https://www.utexas.edu/directory/index.php?q=truck&scope=all&i=36,"student, College of Liberal Arts"
https://www.utexas.edu/directory/index.php?q=truck&scope=all&i=7,"student, College of Liberal Arts"
https://www.utexas.edu/directory/index.php?q=truck&scope=all&i=42,"staff, Department of Electrical &amp; Computer Engineering, Cockrell School of Engineering"
https://www.utexas.edu/directory/index.php?q=truck&scope=all&i=17,"student, College of Liberal Arts; staff, College of Pharmacy"
https://www.utexas.edu/directory/index.php?q=truck&scope=all&i=29,"student, Graduate School; staff, Texas Archeological Research Laboratory, College of Liberal Arts"
https://www.utexas.edu/directory/index.php?q=truck&scope=all&i=28,"student, School of Business"
https://www.utexas.edu/directory/index.php?q=truck&scope=all&i=18,"student, Graduate School; staff, Intercollegiate Athletics"
https://www.utexas.edu/directory/index.php?q=truck&scope=all&i=41,"staff, Academic Technology Support"
https://www.utexas.edu/directory/index.php?q=truck&scope=all&i=16,"staff, Texas Performing Arts, College of Fine Arts"
https://www.utexas.edu/directory/index.php?q=truck&scope=all&i=46,"student, College of Natural Sciences"
https://www.utexas.edu/directory/index.php?q=truck&scope=all&i=45,"student, College of Natural Sciences"
https://www.utexas.edu/directory/index.php?q=touffer&scope=all&i=6,"student, College of Communication"
https://www.utexas.edu/directory/index.php?q=touffer&scope=all&i=24,"student, College of Education"
https://www.utexas.edu/directory/index.php?q=touffer&scope=all&i=15,"student, College of Liberal Arts; staff, Moody College of Communication"
https://www.utexas.edu/directory/index.php?q=touffer&scope=all&i=14,"student, College of Liberal Arts; staff, Division of Recreational Sports"
https://www.utexas.edu/directory/index.php?q=touffer&scope=all&i=10,"student, School of Engineering"
https://www.utexas.edu/directory/index.php?q=touffer&scope=all&i=22,"student, School of Undergraduate Studies"
https://www.utexas.edu/directory/index.php?q=touffer&scope=all&i=17,"student, College of Liberal Arts"
https://www.utexas.edu/directory/index.php?q=touffer&scope=all&i=7,"staff, Project Management &amp; Construction Services"
https://www.utexas.edu/directory/index.php?q=touffer&scope=all&i=5,"student, Graduate School; staff, Applied Research Laboratories"
https://www.utexas.edu/directory/index.php?q=touffer&scope=all&i=8,"staff, University of Texas Child Development Center"
https://www.utexas.edu/directory/index.php?q=touffer&scope=all&i=16,"staff, Institute for Public School Initiatives, College of Education"
https://www.utexas.edu/directory/index.php?q=touffer&scope=all&i=18,"staff, Intercollegiate Athletics"
https://www.utexas.edu/directory/index.php?q=touffer&scope=all&i=13,"student, Graduate School"
https://www.utexas.edu/directory/index.php?q=touffer&scope=all&i=19,"staff, Facilities Services"
https://www.utexas.edu/directory/index.php?q=touffer&scope=all&i=21,"student, College of Fine Arts"
https://www.utexas.edu/directory/index.php?q=touffer&scope=all&i=26,"staff, Waggoner Center for Alcohol and Addiction Research, College of Natural Sciences"
https://www.utexas.edu/directory/index.php?q=touffer&scope=all&i=3,"faculty, Department of Philosophy, College of Liberal Arts"
https://www.utexas.edu/directory/index.php?q=touffer&scope=all&i=20,"student, Graduate School of Business"
https://www.utexas.edu/directory/index.php?q=touffer&scope=all&i=12,"student, College of Communication"
https://www.utexas.edu/directory/index.php?q=touffer&scope=all&i=1,"staff, Cockrell School of Engineering"
https://www.utexas.edu/directory/index.php?q=touffer&scope=all&i=4,"student, Graduate School; staff, School of Nursing"
https://www.utexas.edu/directory/index.php?q=touffer&scope=all&i=27,"student, School of Engineering; staff, Parking and Transportation Services"
https://www.utexas.edu/directory/index.php?q=touffer&scope=all&i=9,"student, College of Education"
https://www.utexas.edu/directory/index.php?q=touffer&scope=all&i=0,"staff, Facilities Services"
https://www.utexas.edu/directory/index.php?q=touffer&scope=all&i=11,"student, Graduate School"
https://www.utexas.edu/directory/index.php?q=touffer&scope=all&i=25,"student, School of Engineering"
https://www.utexas.edu/directory/index.php?q=touffer&scope=all&i=2,"student, College of Natural Sciences"
https://www.utexas.edu/directory/index.php?q=touffer&scope=all&i=23,"student, School of Business"
https://www.utexas.edu/directory/index.php?q=lay&scope=all&i=96,"staff, Office of the President"
https://www.utexas.edu/directory/index.php?q=lay&scope=all&i=23,"student, College of Natural Sciences; staff, Division of Housing &amp; Food Service"
https://www.utexas.edu/directory/index.php?q=lay&scope=all&i=61,"staff, University of Texas Libraries"
https://www.utexas.edu/directory/index.php?q=lay&scope=all&i=9,"staff, Jack S Blanton Museum of Art"
https://www.utexas.edu/directory/index.php?q=lay&scope=all&i=17,"staff, University Affiliates"
https://www.utexas.edu/directory/index.php?q=lay&scope=all&i=25,"student, School of Business"
https://www.utexas.edu/directory/index.php?q=lay&scope=all&i=24,"student, College of Natural Sciences"
https://www.utexas.edu/directory/index.php?q=lay&scope=all&i=19,"student, College of Communication"
https://www.utexas.edu/directory/index.php?q=lay&scope=all&i=1,"staff, Facilities Services"
https://www.utexas.edu/directory/index.php?q=lay&scope=all&i=37,"staff, Facilities Services"
https://www.utexas.edu/directory/index.php?q=lay&scope=all&i=75,"student, School of Business"
https://www.utexas.edu/directory/index.php?q=lay&scope=all&i=46,"student, College of Liberal Arts"
https://www.utexas.edu/directory/index.php?q=lay&scope=all&i=36,"student, College of Communication"
https://www.utexas.edu/directory/index.php?q=lay&scope=all&i=59,"student, College of Natural Sciences"
https://www.utexas.edu/directory/index.php?q=lay&scope=all&i=91,"student, School of Geosciences; staff, Department of Geological Sciences, Jackson School of Geosciences"
https://www.utexas.edu/directory/index.php?q=lay&scope=all&i=35,"student, College of Natural Sciences"
https://www.utexas.edu/directory/index.php?q=lay&scope=all&i=6,"staff, Utilities and Energy Management"
https://www.utexas.edu/directory/index.php?q=lay&scope=all&i=52,"faculty, School of Architecture"
https://www.utexas.edu/directory/index.php?q=lay&scope=all&i=92,"faculty, Department of Rhetoric &amp; Writing, College of Liberal Arts"
https://www.utexas.edu/directory/index.php?q=lay&scope=all&i=77,"student, School of Architecture"
https://www.utexas.edu/directory/index.php?q=lay&scope=all&i=66,"staff, Utilities and Energy Management"
https://www.utexas.edu/directory/index.php?q=lay&scope=all&i=85,"student, Graduate School"
https://www.utexas.edu/directory/index.php?q=lay&scope=all&i=47,"student, College of Liberal Arts"
https://www.utexas.edu/directory/index.php?q=lay&scope=all&i=80,"student, College of Natural Sciences"
https://www.utexas.edu/directory/index.php?q=lay&scope=all&i=76,"student, School of Business"
https://www.utexas.edu/directory/index.php?q=lay&scope=all&i=31,"staff, Frank C. Erwin, Jr. Special Events Center"
https://www.utexas.edu/directory/index.php?q=lay&scope=all&i=84,"student, College of Liberal Arts"
https://www.utexas.edu/directory/index.php?q=lay&scope=all&i=39,"faculty, School of Law"
https://www.utexas.edu/directory/index.php?q=lay&scope=all&i=88,"staff, Facilities Services"
https://www.utexas.edu/directory/index.php?q=lay&scope=all&i=89,"student, College of Natural Sciences"
https://www.utexas.edu/directory/index.php?q=lay&scope=all&i=33,"student, College of Liberal Arts"
https://www.utexas.edu/directory/index.php?q=lay&scope=all&i=14,"student, Graduate School of Business"
https://www.utexas.edu/directory/index.php?q=lay&scope=all&i=53,"staff, Division of Housing &amp; Food Service"
https://www.utexas.edu/directory/index.php?q=lay&scope=all&i=18,"student, College of Fine Arts"
https://www.utexas.edu/directory/index.php?q=lay&scope=all&i=51,"student, College of Fine Arts"
https://www.utexas.edu/directory/index.php?q=lay&scope=all&i=15,"student, College of Liberal Arts"
https://www.utexas.edu/directory/index.php?q=lay&scope=all&i=95,"student, School of Business"
https://www.utexas.edu/directory/index.php?q=lay&scope=all&i=58,"staff, University Police Department"
https://www.utexas.edu/directory/index.php?q=lay&scope=all&i=94,"student, School of Law"
https://www.utexas.edu/directory/index.php?q=lay&scope=all&i=101,"student, College of Liberal Arts"
https://www.utexas.edu/directory/index.php?q=lay&scope=all&i=38,"student, College of Natural Sciences; staff, University of Texas Child Development Center"
https://www.utexas.edu/directory/index.php?q=lay&scope=all&i=45,"student, College of Natural Sciences"
https://www.utexas.edu/directory/index.php?q=lay&scope=all&i=83,"staff, Division of Recreational Sports"
https://www.utexas.edu/directory/index.php?q=lay&scope=all&i=27,"staff, Division of Housing &amp; Food Service"
https://www.utexas.edu/directory/index.php?q=lay&scope=all&i=2,"student, College of Communication"
https://www.utexas.edu/directory/index.php?q=lay&scope=all&i=34,"faculty, Department of Civil, Architectural and Environmental Engineering, Cockrell School of Engineering"
https://www.utexas.edu/directory/index.php?q=lay&scope=all&i=13,"student, School of Engineering"
https://www.utexas.edu/directory/index.php?q=lay&scope=all&i=11,"student, College of Natural Sciences"
https://www.utexas.edu/directory/index.php?q=lay&scope=all&i=82,"staff, Texas Advanced Computing Center"
https://www.utexas.edu/directory/index.php?q=lay&scope=all&i=98,"student, College of Natural Sciences"
https://www.utexas.edu/directory/index.php?q=hubert&scope=all&i=4,"faculty, Department of Germanic Studies, College of Liberal Arts"
https://www.utexas.edu/directory/index.php?q=hubert&scope=all&i=30,"student, Graduate School"
https://www.utexas.edu/directory/index.php?q=hubert&scope=all&i=36,"student, College of Liberal Arts"
https://www.utexas.edu/directory/index.php?q=hubert&scope=all&i=25,"student, Graduate School; staff, Population Research Center, College of Liberal Arts"
https://www.utexas.edu/directory/index.php?q=hubert&scope=all&i=49,"student, College of Natural Sciences"
https://www.utexas.edu/directory/index.php?q=hubert&scope=all&i=42,"student, College of Liberal Arts"
https://www.utexas.edu/directory/index.php?q=hubert&scope=all&i=37,"staff, Department of Nutritional Sciences, College of Natural Sciences"
https://www.utexas.edu/directory/index.php?q=hubert&scope=all&i=0,
https://www.utexas.edu/directory/index.php?q=hubert&scope=all&i=33,"student, School of Law"
https://www.utexas.edu/directory/index.php?q=hubert&scope=all&i=27,"staff, University Charter School"
https://www.utexas.edu/directory/index.php?q=hubert&scope=all&i=23,"student, College of Fine Arts"
https://www.utexas.edu/directory/index.php?q=hubert&scope=all&i=16,"student, School of Engineering"
https://www.utexas.edu/directory/index.php?q=hubert&scope=all&i=44,"student, Graduate School"
https://www.utexas.edu/directory/index.php?q=hubert&scope=all&i=6,"student, College of Natural Sciences"
https://www.utexas.edu/directory/index.php?q=hubert&scope=all&i=29,"student, College of Natural Sciences"
https://www.utexas.edu/directory/index.php?q=hubert&scope=all&i=41,"student, School of Law"
https://www.utexas.edu/directory/index.php?q=hubert&scope=all&i=28,"staff, Counseling and Mental Health Center"
https://www.utexas.edu/directory/index.php?q=hubert&scope=all&i=20,"staff, Moody College of Communication"
https://www.utexas.edu/directory/index.php?q=hubert&scope=all&i=45,"student, College of Education"
https://www.utexas.edu/directory/index.php?q=hubert&scope=all&i=39,"student, School of Business"
https://www.utexas.edu/directory/index.php?q=hubert&scope=all&i=14,"student, College of Natural Sciences"
https://www.utexas.edu/directory/index.php?q=hubert&scope=all&i=40,"student, College of Natural Sciences"
https://www.utexas.edu/directory/index.php?q=hubert&scope=all&i=3,"student, School of Law"
https://www.utexas.edu/directory/index.php?q=hubert&scope=all&i=46,"staff, Department of Petroleum and Geosystems Engineering, Cockrell School of Engineering"
https://www.utexas.edu/directory/index.php?q=hubert&scope=all&i=15,"staff, Institute for Cellular and Molecular Biology, College of Natural Sciences"
https://www.utexas.edu/directory/index.php?q=hubert&scope=all&i=51,"faculty/staff, Department Civil Architecture and Environmental Engineering"
https://www.utexas.edu/directory/index.php?q=hubert&scope=all&i=26,"staff, Applied Research Laboratories"
https://www.utexas.edu/directory/index.php?q=hubert&scope=all&i=17,"student, College of Liberal Arts"
https://www.utexas.edu/directory/index.php?q=hubert&scope=all&i=43,"student, School of Business"
https://www.utexas.edu/directory/index.php?q=hubert&scope=all&i=13,"staff, ITS Networking"
https://www.utexas.edu/directory/index.php?q=hubert&scope=all&i=2,"staff, Department of Art and Art History, College of Fine Arts"
https://www.utexas.edu/directory/index.php?q=hubert&scope=all&i=21,"student, Graduate School"
https://www.utexas.edu/directory/index.php?q=hubert&scope=all&i=18,"staff, Office of Admissions"
https://www.utexas.edu/directory/index.php?q=hubert&scope=all&i=47,"student, Graduate School"
https://www.utexas.edu/directory/index.php?q=hubert&scope=all&i=32,"staff, Intercollegiate Athletics"
https://www.utexas.edu/directory/index.php?q=hubert&scope=all&i=19,"student, College of Natural Sciences"
https://www.utexas.edu/directory/index.php?q=hubert&scope=all&i=35,"student, College of Liberal Arts"
https://www.utexas.edu/directory/index.php?q=hubert&scope=all&i=8,"staff, Office of Sponsored Projects"
https://www.utexas.edu/directory/index.php?q=hubert&scope=all&i=31,"student, College of Communication"
https://www.utexas.edu/directory/index.php?q=hubert&scope=all&i=24,"student, School of Engineering"
https://www.utexas.edu/directory/index.php?q=hubert&scope=all&i=48,"student, School of Law"
https://www.utexas.edu/directory/index.php?q=hubert&scope=all&i=38,"staff, Red McCombs School of Business"
https://www.utexas.edu/directory/index.php?q=hubert&scope=all&i=50,"student, College of Natural Sciences"
https://www.utexas.edu/directory/index.php?q=hubert&scope=all&i=22,"staff, Institute for Geophysics, Jackson School of Geosciences"
https://www.utexas.edu/directory/index.php?q=hubert&scope=all&i=9,"student, College of Communication"
https://www.utexas.edu/directory/index.php?q=hubert&scope=all&i=5,"staff, Population Research Center, College of Liberal Arts"
https://www.utexas.edu/directory/index.php?q=hubert&scope=all&i=11,"faculty/staff, Moody College of Communication"
https://www.utexas.edu/directory/index.php?q=hubert&scope=all&i=10,"student, Graduate School"
https://www.utexas.edu/directory/index.php?q=hubert&scope=all&i=34,"student, College of Liberal Arts"
https://www.utexas.edu/directory/index.php?q=hubert&scope=all&i=52,"student, College of Education"
https://www.utexas.edu/directory/index.php?q=edillo&scope=all&i=0,"student, Graduate School; staff, UTeach Science Program, College of Natural Sciences"
https://www.utexas.edu/directory/index.php?q=edillo&scope=all&i=1,"student, College of Natural Sciences"
https://www.utexas.edu/directory/index.php?q=antacruz&scope=all&i=2,"student, School of Undergraduate Studies"
https://www.utexas.edu/directory/index.php?q=antacruz&scope=all&i=5,
https://www.utexas.edu/directory/index.php?q=antacruz&scope=all&i=0,"student, College of Communication"
https://www.utexas.edu/directory/index.php?q=antacruz&scope=all&i=1,"faculty/staff, Wireless Networking and Communications Group, Cockrell School of Engineering"
https://www.utexas.edu/directory/index.php?q=antacruz&scope=all&i=4,"student, School of Engineering"
https://www.utexas.edu/directory/index.php?q=antacruz&scope=all&i=6,"faculty, School of Music, College of Fine Arts"
https://www.utexas.edu/directory/index.php?q=antacruz&scope=all&i=7,"staff, Department of Chemical Engineering, Cockrell School of Engineering"
https://www.utexas.edu/directory/index.php?q=antacruz&scope=all&i=3,"student, School of Engineering"
https://www.utexas.edu/directory/index.php?q=reinke&scope=all&i=6,"student, College of Liberal Arts"
https://www.utexas.edu/directory/index.php?q=reinke&scope=all&i=9,"student, School of Business"
https://www.utexas.edu/directory/index.php?q=reinke&scope=all&i=4,"student, College of Pharmacy"
https://www.utexas.edu/directory/index.php?q=reinke&scope=all&i=18,
https://www.utexas.edu/directory/index.php?q=reinke&scope=all&i=22,"student, College of Liberal Arts"
https://www.utexas.edu/directory/index.php?q=reinke&scope=all&i=17,"staff, Department of Theatre and Dance, College of Fine Arts"
https://www.utexas.edu/directory/index.php?q=reinke&scope=all&i=21,"student, School of Business; staff, Office of Accounting"
https://www.utexas.edu/directory/index.php?q=reinke&scope=all&i=1,"student, College of Liberal Arts"
https://www.utexas.edu/directory/index.php?q=reinke&scope=all&i=8,"student, School of Engineering"
https://www.utexas.edu/directory/index.php?q=reinke&scope=all&i=2,"staff, Applied Research Laboratories"
https://www.utexas.edu/directory/index.php?q=reinke&scope=all&i=16,"student, College of Natural Sciences"
https://www.utexas.edu/directory/index.php?q=reinke&scope=all&i=20,"student, College of Communication"
https://www.utexas.edu/directory/index.php?q=reinke&scope=all&i=15,"staff, College of Pharmacy"
https://www.utexas.edu/directory/index.php?q=reinke&scope=all&i=11,"staff, McDonald Observatory, College of Natural Sciences"
https://www.utexas.edu/directory/index.php?q=reinke&scope=all&i=7,"staff, ITS Applications"
https://www.utexas.edu/directory/index.php?q=reinke&scope=all&i=14,"student, College of Communication"
https://www.utexas.edu/directory/index.php?q=reinke&scope=all&i=3,"student, School of Business"
https://www.utexas.edu/directory/index.php?q=reinke&scope=all&i=19,"staff, Department of Civil, Architectural and Environmental Engineering, Cockrell School of Engineering"
https://www.utexas.edu/directory/index.php?q=reinke&scope=all&i=5,"staff, Division of Housing &amp; Food Service"
https://www.utexas.edu/directory/index.php?q=reinke&scope=all&i=13,"staff, Microelectronics Research Center, Cockrell School of Engineering"
https://www.utexas.edu/directory/index.php?q=reinke&scope=all&i=10,"student, College of Liberal Arts"
https://www.utexas.edu/directory/index.php?q=reinke&scope=all&i=0,"staff, Office of Admissions"
https://www.utexas.edu/directory/index.php?q=reinke&scope=all&i=12,"student, School of Geosciences"
https://www.utexas.edu/directory/index.php?q=raleigh&scope=all&i=1,"student, School of Engineering"
https://www.utexas.edu/directory/index.php?q=raleigh&scope=all&i=5,"student, School of Engineering"
https://www.utexas.edu/directory/index.php?q=raleigh&scope=all&i=3,"student, College of Natural Sciences"
https://www.utexas.edu/directory/index.php?q=raleigh&scope=all&i=4,"student, College of Liberal Arts"
https://www.utexas.edu/directory/index.php?q=raleigh&scope=all&i=7,"student, College of Natural Sciences"
https://www.utexas.edu/directory/index.php?q=raleigh&scope=all&i=2,"student, College of Natural Sciences"
https://www.utexas.edu/directory/index.php?q=raleigh&scope=all&i=0,"student, College of Education"
https://www.utexas.edu/directory/index.php?q=raleigh&scope=all&i=6,"student, Graduate School; staff, Biomedical Engineering, Cockrell School of Engineering"
https://www.utexas.edu/directory/index.php?q=poynter&scope=all&i=4,"student, College of Education"
https://www.utexas.edu/directory/index.php?q=poynter&scope=all&i=6,"student, School of Business"
https://www.utexas.edu/directory/index.php?q=poynter&scope=all&i=1,"student, College of Liberal Arts"
https://www.utexas.edu/directory/index.php?q=poynter&scope=all&i=12,"student, School of Business"
https://www.utexas.edu/directory/index.php?q=poynter&scope=all&i=8,"student, College of Natural Sciences"
https://www.utexas.edu/directory/index.php?q=poynter&scope=all&i=9,"staff, Department of Anthropology, College of Liberal Arts"
https://www.utexas.edu/directory/index.php?q=poynter&scope=all&i=10,"student, College of Natural Sciences"
https://www.utexas.edu/directory/index.php?q=poynter&scope=all&i=0,"student, College of Communication"
https://www.utexas.edu/directory/index.php?q=poynter&scope=all&i=5,"faculty, Stan Richards School of Advertising and Public Relations, Moody College of Communication"
https://www.utexas.edu/directory/index.php?q=poynter&scope=all&i=2,"student, College of Natural Sciences"
https://www.utexas.edu/directory/index.php?q=poynter&scope=all&i=11,"student, School of Law"
https://www.utexas.edu/directory/index.php?q=poynter&scope=all&i=13,"student, Graduate School"
https://www.utexas.edu/directory/index.php?q=poynter&scope=all&i=3,"student, Graduate School of Business"
https://www.utexas.edu/directory/index.php?q=poynter&scope=all&i=7,"student, School of Engineering"
